id,time,value
1,2025:06:09 10:49:57,518.9
1,2025:06:09 10:50:57,467
1,2025:06:09 10:51:57,429.8
1,2025:06:09 10:52:57,552.3
1,2025:06:09 10:53:57,655.3
1,2025:06:09 10:54:57,226.8
1,2025:06:09 10:55:57,795.1
1,2025:06:09 10:56:57,67.9
1,2025:06:09 10:57:57,38.4
1,2025:06:09 10:58:57,195.4
1,2025:06:09 10:59:57,412.1
1,2025:06:09 11:00:57,218.5
1,2025:06:09 11:01:57,269.8
1,2025:06:09 11:02:57,384.1
1,2025:06:09 11:03:57,398.9
1,2025:06:09 11:04:57,194.8
1,2025:06:09 11:05:57,545.1
1,2025:06:09 11:06:57,503.2
1,2025:06:09 11:07:57,532.8
1,2025:06:09 11:08:57,339.9
1,2025:06:09 11:09:57,409
1,2025:06:09 11:10:57,597.5
1,2025:06:09 11:11:57,243.9
1,2025:06:09 11:12:57,70
1,2025:06:09 11:13:57,92.4
1,2025:06:09 11:14:57,133.5
1,2025:06:09 11:15:57,253.4
1,2025:06:09 11:16:57,259.6
1,2025:06:09 11:17:57,258.5
1,2025:06:09 11:18:57,463.2
1,2025:06:09 11:19:57,482.1
1,2025:06:09 11:20:57,15.2
1,2025:06:09 11:21:57,180.3
1,2025:06:09 11:22:57,789.5
1,2025:06:09 11:23:57,654.7
1,2025:06:09 11:24:57,563.4
1,2025:06:09 11:25:57,177.2
1,2025:06:09 11:26:57,558
1,2025:06:09 11:27:57,23.8
1,2025:06:09 11:28:57,577.6
1,2025:06:09 11:29:57,133.4
1,2025:06:09 11:30:57,0.3
1,2025:06:09 11:31:57,239.9
1,2025:06:09 11:32:57,469.7
1,2025:06:09 11:33:57,725
1,2025:06:09 11:34:57,554.7
1,2025:06:09 11:35:57,591
1,2025:06:09 11:36:57,769.8
1,2025:06:09 11:37:57,779.2
1,2025:06:09 11:38:57,86.7
1,2025:06:09 11:39:57,37.8
1,2025:06:09 11:40:57,120.6
1,2025:06:09 11:41:57,591.5
1,2025:06:09 11:42:57,638.2
1,2025:06:09 11:43:57,69.9
1,2025:06:09 11:44:57,410.8
1,2025:06:09 11:45:57,626.1
1,2025:06:09 11:46:57,426.4
1,2025:06:09 11:47:57,405.7
1,2025:06:09 11:48:57,572.4
1,2025:06:09 11:49:57,623.6
1,2025:06:09 11:50:57,620.6
1,2025:06:09 11:51:57,764.5
1,2025:06:09 11:52:57,166.8
1,2025:06:09 11:53:57,541.7
1,2025:06:09 11:54:57,219.8
1,2025:06:09 11:55:57,732.5
1,2025:06:09 11:56:57,685.9
1,2025:06:09 11:57:57,353.9
1,2025:06:09 11:58:57,757.2
1,2025:06:09 11:59:57,549.8
1,2025:06:09 12:00:57,91.2
1,2025:06:09 12:01:57,130.8
1,2025:06:09 12:02:57,556
1,2025:06:09 12:03:57,442.2
1,2025:06:09 12:04:57,517.7
1,2025:06:09 12:05:57,628.9
1,2025:06:09 12:06:57,262
1,2025:06:09 12:07:57,524.4
1,2025:06:09 12:08:57,666.1
1,2025:06:09 12:09:57,213.3
1,2025:06:09 12:10:57,177.8
1,2025:06:09 12:11:57,496.8
1,2025:06:09 12:12:57,10.1
1,2025:06:09 12:13:57,336.8
1,2025:06:09 12:14:57,723.2
1,2025:06:09 12:15:57,364.2
1,2025:06:09 12:16:57,742
1,2025:06:09 12:17:57,202.9
1,2025:06:09 12:18:57,147.7
1,2025:06:09 12:19:57,599.1
1,2025:06:09 12:20:57,182.4
1,2025:06:09 12:21:57,35.9
1,2025:06:09 12:22:57,19.1
1,2025:06:09 12:23:57,575.1
1,2025:06:09 12:24:57,379.2
1,2025:06:09 12:25:57,784.6
1,2025:06:09 12:26:57,613.7
1,2025:06:09 12:27:57,96.4
1,2025:06:09 12:28:57,420.8
1,2025:06:09 12:29:57,482.7
1,2025:06:09 12:30:57,733.4
1,2025:06:09 12:31:57,446.5
1,2025:06:09 12:32:57,587.9
1,2025:06:09 12:33:57,693.2
1,2025:06:09 12:34:57,74.2
1,2025:06:09 12:35:57,183.3
1,2025:06:09 12:36:57,669.6
1,2025:06:09 12:37:57,59.8
1,2025:06:09 12:38:57,271.1
1,2025:06:09 12:39:57,504
1,2025:06:09 12:40:57,769.1
1,2025:06:09 12:41:57,391.5
1,2025:06:09 12:42:57,344.6
1,2025:06:09 12:43:57,205
1,2025:06:09 12:44:57,521.9
1,2025:06:09 12:45:57,704.5
1,2025:06:09 12:46:57,274
1,2025:06:09 12:47:57,662.9
1,2025:06:09 12:48:57,255.1
1,2025:06:09 12:49:57,647.9
1,2025:06:09 12:50:57,422
1,2025:06:09 12:51:57,60.2
1,2025:06:09 12:52:57,9.4
1,2025:06:09 12:53:57,736.3
1,2025:06:09 12:54:57,136.3
1,2025:06:09 12:55:57,481.2
1,2025:06:09 12:56:57,750.3
1,2025:06:09 12:57:57,15.3
1,2025:06:09 12:58:57,51.7
1,2025:06:09 12:59:57,704.2
1,2025:06:09 13:00:57,494
1,2025:06:09 13:01:57,185.5
1,2025:06:09 13:02:57,220.3
1,2025:06:09 13:03:57,712.6
1,2025:06:09 13:04:57,71.6
1,2025:06:09 13:05:57,8.4
1,2025:06:09 13:06:57,191.9
1,2025:06:09 13:07:57,352.4
1,2025:06:09 13:08:57,57.9
1,2025:06:09 13:09:57,221.1
1,2025:06:09 13:10:57,372
1,2025:06:09 13:11:57,559.7
1,2025:06:09 13:12:57,389
1,2025:06:09 13:13:57,382.6
1,2025:06:09 13:14:57,380.3
1,2025:06:09 13:15:57,783.2
1,2025:06:09 13:16:57,194.3
1,2025:06:09 13:17:57,679.1
1,2025:06:09 13:18:57,136.7
1,2025:06:09 13:19:57,227.3
1,2025:06:09 13:20:57,566.7
1,2025:06:09 13:21:57,511.5
1,2025:06:09 13:22:57,198.7
1,2025:06:09 13:23:57,540.8
1,2025:06:09 13:24:57,598.1
1,2025:06:09 13:25:57,490.5
1,2025:06:09 13:26:57,674.7
1,2025:06:09 13:27:57,775.2
1,2025:06:09 13:28:57,603
1,2025:06:09 13:29:57,465.3
1,2025:06:09 13:30:57,39.6
1,2025:06:09 13:31:57,639
1,2025:06:09 13:32:57,456.5
1,2025:06:09 13:33:57,209.3
1,2025:06:09 13:34:57,376.7
1,2025:06:09 13:35:57,471.7
1,2025:06:09 13:36:57,571.5
1,2025:06:09 13:37:57,189.1
1,2025:06:09 13:38:57,371.1
1,2025:06:09 13:39:57,363.8
1,2025:06:09 13:40:57,639.6
1,2025:06:09 13:41:57,241
1,2025:06:09 13:42:57,179.8
1,2025:06:09 13:43:57,446.4
1,2025:06:09 13:44:57,461.4
1,2025:06:09 13:45:57,780.7
1,2025:06:09 13:46:57,303
1,2025:06:09 13:47:57,776.7
1,2025:06:09 13:48:57,390.9
1,2025:06:09 13:49:57,370.3
1,2025:06:09 13:50:57,182.7
1,2025:06:09 13:51:57,443.4
1,2025:06:09 13:52:57,118.4
1,2025:06:09 13:53:57,668.7
1,2025:06:09 13:54:57,252.1
1,2025:06:09 13:55:57,717.7
1,2025:06:09 13:56:57,518.3
1,2025:06:09 13:57:57,589.4
1,2025:06:09 13:58:57,361.8
1,2025:06:09 13:59:57,674.6
1,2025:06:09 14:00:57,85.1
1,2025:06:09 14:01:57,291.1
1,2025:06:09 14:02:57,708
1,2025:06:09 14:03:57,508.9
1,2025:06:09 14:04:57,284.3
1,2025:06:09 14:05:57,26.4
1,2025:06:09 14:06:57,586.4
1,2025:06:09 14:07:57,172.5
1,2025:06:09 14:08:57,141.7
1,2025:06:09 14:09:57,73
1,2025:06:09 14:10:57,298.6
1,2025:06:09 14:11:57,556.7
1,2025:06:09 14:12:57,797
1,2025:06:09 14:13:57,372.9
1,2025:06:09 14:14:57,734.5
1,2025:06:09 14:15:57,443.9
1,2025:06:09 14:16:57,346.5
1,2025:06:09 14:17:57,504.6
1,2025:06:09 14:18:57,356
1,2025:06:09 14:19:57,456.1
1,2025:06:09 14:20:57,500.2
1,2025:06:09 14:21:57,212.5
1,2025:06:09 14:22:57,108.3
1,2025:06:09 14:23:57,22.3
1,2025:06:09 14:24:57,576.9
1,2025:06:09 14:25:57,319.8
1,2025:06:09 14:26:57,781.7
1,2025:06:09 14:27:57,192.7
1,2025:06:09 14:28:57,364.7
1,2025:06:09 14:29:57,248.8
1,2025:06:09 14:30:57,150.3
1,2025:06:09 14:31:57,721.6
1,2025:06:09 14:32:57,169.6
1,2025:06:09 14:33:57,774.1
1,2025:06:09 14:34:57,12.6
1,2025:06:09 14:35:57,246.7
1,2025:06:09 14:36:57,378.5
1,2025:06:09 14:37:57,233.7
1,2025:06:09 14:38:57,58.2
1,2025:06:09 14:39:57,788.7
1,2025:06:09 14:40:57,61.3
1,2025:06:09 14:41:57,22.6
1,2025:06:09 14:42:57,686.4
1,2025:06:09 14:43:57,595.4
1,2025:06:09 14:44:57,137.3
1,2025:06:09 14:45:57,395.1
1,2025:06:09 14:46:57,501.1
1,2025:06:09 14:47:57,557.2
1,2025:06:09 14:48:57,229.7
1,2025:06:09 14:49:57,798.3
1,2025:06:09 14:50:57,207.4
1,2025:06:09 14:51:57,216.9
1,2025:06:09 14:52:57,335.6
1,2025:06:09 14:53:57,165.4
1,2025:06:09 14:54:57,234.8
1,2025:06:09 14:55:57,600.3
1,2025:06:09 14:56:57,433.7
1,2025:06:09 14:57:57,190
1,2025:06:09 14:58:57,611.9
1,2025:06:09 14:59:57,292.5
1,2025:06:09 15:00:57,357
1,2025:06:09 15:01:57,609.6
1,2025:06:09 15:02:57,17.6
1,2025:06:09 15:03:57,383.6
1,2025:06:09 15:04:57,254.1
1,2025:06:09 15:05:57,720.8
1,2025:06:09 15:06:57,134
1,2025:06:09 15:07:57,710.6
1,2025:06:09 15:08:57,764.8
1,2025:06:09 15:09:57,153.3
1,2025:06:09 15:10:57,225.9
1,2025:06:09 15:11:57,618.7
1,2025:06:09 15:12:57,34.4
1,2025:06:09 15:13:57,325.9
1,2025:06:09 15:14:57,71.3
1,2025:06:09 15:15:57,269.2
1,2025:06:09 15:16:57,292.8
1,2025:06:09 15:17:57,410.8
1,2025:06:09 15:18:57,169.7
1,2025:06:09 15:19:57,516.1
1,2025:06:09 15:20:57,321.4
1,2025:06:09 15:21:57,430.8
1,2025:06:09 15:22:57,550.3
1,2025:06:09 15:23:57,579.6
1,2025:06:09 15:24:57,135.6
1,2025:06:09 15:25:57,513.5
1,2025:06:09 15:26:57,708.4
1,2025:06:09 15:27:57,338.4
1,2025:06:09 15:28:57,605.5
1,2025:06:09 15:29:57,129.4
1,2025:06:09 15:30:57,392.1
1,2025:06:09 15:31:57,68.8
1,2025:06:09 15:32:57,340
1,2025:06:09 15:33:57,737.5
1,2025:06:09 15:34:57,566.3
1,2025:06:09 15:35:57,453.1
1,2025:06:09 15:36:57,561.7
1,2025:06:09 15:37:57,462.6
1,2025:06:09 15:38:57,278
1,2025:06:09 15:39:57,483.4
1,2025:06:09 15:40:57,294.4
1,2025:06:09 15:41:57,232.3
1,2025:06:09 15:42:57,748.2
1,2025:06:09 15:43:57,86.3
1,2025:06:09 15:44:57,590.2
1,2025:06:09 15:45:57,395.3
1,2025:06:09 15:46:57,415.3
1,2025:06:09 15:47:57,292.3
1,2025:06:09 15:48:57,120.6
1,2025:06:09 15:49:57,48.5
1,2025:06:09 15:50:57,255.3
1,2025:06:09 15:51:57,575.6
1,2025:06:09 15:52:57,56.8
1,2025:06:09 15:53:57,495.9
1,2025:06:09 15:54:57,703
1,2025:06:09 15:55:57,589.6
1,2025:06:09 15:56:57,563.8
1,2025:06:09 15:57:57,266.3
1,2025:06:09 15:58:57,700.4
1,2025:06:09 15:59:57,322.7
1,2025:06:09 16:00:57,433.7
1,2025:06:09 16:01:57,713.4
1,2025:06:09 16:02:57,196.6
1,2025:06:09 16:03:57,298.4
1,2025:06:09 16:04:57,583.3
1,2025:06:09 16:05:57,23.3
1,2025:06:09 16:06:57,623.8
1,2025:06:09 16:07:57,647.4
1,2025:06:09 16:08:57,540.1
1,2025:06:09 16:09:57,255.9
1,2025:06:09 16:10:57,675.1
1,2025:06:09 16:11:57,673.4
1,2025:06:09 16:12:57,643.2
1,2025:06:09 16:13:57,442.7
1,2025:06:09 16:14:57,309
1,2025:06:09 16:15:57,140.2
1,2025:06:09 16:16:57,682.6
1,2025:06:09 16:17:57,368.8
1,2025:06:09 16:18:57,705.4
1,2025:06:09 16:19:57,703.9
1,2025:06:09 16:20:57,503.1
1,2025:06:09 16:21:57,61.5
1,2025:06:09 16:22:57,298
1,2025:06:09 16:23:57,715.4
1,2025:06:09 16:24:57,496.4
1,2025:06:09 16:25:57,412.8
1,2025:06:09 16:26:57,208.5
1,2025:06:09 16:27:57,217.6
1,2025:06:09 16:28:57,308.5
1,2025:06:09 16:29:57,358.6
1,2025:06:09 16:30:57,7.1
1,2025:06:09 16:31:57,564.4
1,2025:06:09 16:32:57,85.1
1,2025:06:09 16:33:57,42
1,2025:06:09 16:34:57,325.1
1,2025:06:09 16:35:57,283.2
1,2025:06:09 16:36:57,181.7
1,2025:06:09 16:37:57,583
1,2025:06:09 16:38:57,442.9
1,2025:06:09 16:39:57,408.9
1,2025:06:09 16:40:57,462.1
1,2025:06:09 16:41:57,282.2
1,2025:06:09 16:42:57,181.1
1,2025:06:09 16:43:57,113.3
1,2025:06:09 16:44:57,712.2
1,2025:06:09 16:45:57,281.6
1,2025:06:09 16:46:57,617
1,2025:06:09 16:47:57,653.9
1,2025:06:09 16:48:57,90.9
1,2025:06:09 16:49:57,308.8
1,2025:06:09 16:50:57,153.3
1,2025:06:09 16:51:57,68.4
1,2025:06:09 16:52:57,347.3
1,2025:06:09 16:53:57,728
1,2025:06:09 16:54:57,462.7
1,2025:06:09 16:55:57,640.4
1,2025:06:09 16:56:57,325.4
1,2025:06:09 16:57:57,325.2
1,2025:06:09 16:58:57,435
1,2025:06:09 16:59:57,359.1
1,2025:06:09 17:00:57,83.2
1,2025:06:09 17:01:57,449.8
1,2025:06:09 17:02:57,649.9
1,2025:06:09 17:03:57,799.7
1,2025:06:09 17:04:57,551.3
1,2025:06:09 17:05:57,140.4
1,2025:06:09 17:06:57,501.7
1,2025:06:09 17:07:57,249.7
1,2025:06:09 17:08:57,254.9
1,2025:06:09 17:09:57,57.2
1,2025:06:09 17:10:57,100.9
1,2025:06:09 17:11:57,505
1,2025:06:09 17:12:57,625.8
1,2025:06:09 17:13:57,647.9
1,2025:06:09 17:14:57,276.5
1,2025:06:09 17:15:57,161.4
1,2025:06:09 17:16:57,627.3
1,2025:06:09 17:17:57,371.2
1,2025:06:09 17:18:57,6.1
1,2025:06:09 17:19:57,426
1,2025:06:09 17:20:57,219
1,2025:06:09 17:21:57,203.2
1,2025:06:09 17:22:57,596.1
1,2025:06:09 17:23:57,275
1,2025:06:09 17:24:57,585.7
1,2025:06:09 17:25:57,251.4
1,2025:06:09 17:26:57,739.6
1,2025:06:09 17:27:57,580.7
1,2025:06:09 17:28:57,654.3
1,2025:06:09 17:29:57,302.1
1,2025:06:09 17:30:57,575.8
1,2025:06:09 17:31:57,434.4
1,2025:06:09 17:32:57,226.5
1,2025:06:09 17:33:57,524.5
1,2025:06:09 17:34:57,475
1,2025:06:09 17:35:57,489.6
1,2025:06:09 17:36:57,448.7
1,2025:06:09 17:37:57,558.9
1,2025:06:09 17:38:57,676.1
1,2025:06:09 17:39:57,549.8
1,2025:06:09 17:40:57,747.7
1,2025:06:09 17:41:57,411.9
1,2025:06:09 17:42:57,300.4
1,2025:06:09 17:43:57,628.1
1,2025:06:09 17:44:57,553.8
1,2025:06:09 17:45:57,584.5
1,2025:06:09 17:46:57,267.2
1,2025:06:09 17:47:57,700.5
1,2025:06:09 17:48:57,139.5
1,2025:06:09 17:49:57,58.4
1,2025:06:09 17:50:57,635
1,2025:06:09 17:51:57,380.2
1,2025:06:09 17:52:57,96.2
1,2025:06:09 17:53:57,764.6
1,2025:06:09 17:54:57,95.5
1,2025:06:09 17:55:57,137.8
1,2025:06:09 17:56:57,175.3
1,2025:06:09 17:57:57,360.1
1,2025:06:09 17:58:57,143.7
1,2025:06:09 17:59:57,491
1,2025:06:09 18:00:57,218.4
1,2025:06:09 18:01:57,337.5
1,2025:06:09 18:02:57,49
1,2025:06:09 18:03:57,789.3
1,2025:06:09 18:04:57,701.7
1,2025:06:09 18:05:57,92.2
1,2025:06:09 18:06:57,353.6
1,2025:06:09 18:07:57,420.3
1,2025:06:09 18:08:57,19.1
1,2025:06:09 18:09:57,772.7
1,2025:06:09 18:10:57,222.4
1,2025:06:09 18:11:57,60.3
1,2025:06:09 18:12:57,429.7
1,2025:06:09 18:13:57,737.8
1,2025:06:09 18:14:57,769.1
1,2025:06:09 18:15:57,195.6
1,2025:06:09 18:16:57,594.1
1,2025:06:09 18:17:57,48.5
1,2025:06:09 18:18:57,483.7
1,2025:06:09 18:19:57,138.6
1,2025:06:09 18:20:57,224.9
1,2025:06:09 18:21:57,615.4
1,2025:06:09 18:22:57,487.5
1,2025:06:09 18:23:57,365.1
1,2025:06:09 18:24:57,376.5
1,2025:06:09 18:25:57,230.7
1,2025:06:09 18:26:57,138.7
1,2025:06:09 18:27:57,196.4
1,2025:06:09 18:28:57,98.4
1,2025:06:09 18:29:57,707.3
1,2025:06:09 18:30:57,715
1,2025:06:09 18:31:57,51.1
1,2025:06:09 18:32:57,178.1
1,2025:06:09 18:33:57,350.3
1,2025:06:09 18:34:57,97.7
1,2025:06:09 18:35:57,294
1,2025:06:09 18:36:57,297.4
1,2025:06:09 18:37:57,587.7
1,2025:06:09 18:38:57,182.2
1,2025:06:09 18:39:57,302.9
1,2025:06:09 18:40:57,329.1
1,2025:06:09 18:41:57,181.8
1,2025:06:09 18:42:57,340.3
1,2025:06:09 18:43:57,182.9
1,2025:06:09 18:44:57,95.7
1,2025:06:09 18:45:57,450.8
1,2025:06:09 18:46:57,259.3
1,2025:06:09 18:47:57,749.8
1,2025:06:09 18:48:57,319.4
1,2025:06:09 18:49:57,521.2
1,2025:06:09 18:50:57,681.6
1,2025:06:09 18:51:57,208.8
1,2025:06:09 18:52:57,684.3
1,2025:06:09 18:53:57,439.1
1,2025:06:09 18:54:57,572.4
1,2025:06:09 18:55:57,754.5
1,2025:06:09 18:56:57,139
1,2025:06:09 18:57:57,764.3
1,2025:06:09 18:58:57,37.4
1,2025:06:09 18:59:57,314.7
1,2025:06:09 19:00:57,162.3
1,2025:06:09 19:01:57,471.3
1,2025:06:09 19:02:57,318.6
1,2025:06:09 19:03:57,266.2
1,2025:06:09 19:04:57,118.6
1,2025:06:09 19:05:57,184.6
1,2025:06:09 19:06:57,590.1
1,2025:06:09 19:07:57,344.2
1,2025:06:09 19:08:57,627.1
1,2025:06:09 19:09:57,570.3
1,2025:06:09 19:10:57,481.9
1,2025:06:09 19:11:57,373.6
1,2025:06:09 19:12:57,70.2
1,2025:06:09 19:13:57,511.6
1,2025:06:09 19:14:57,54.1
1,2025:06:09 19:15:57,44.4
1,2025:06:09 19:16:57,165.5
1,2025:06:09 19:17:57,91.7
1,2025:06:09 19:18:57,548.7
1,2025:06:09 19:19:57,358.1
1,2025:06:09 19:20:57,127.7
1,2025:06:09 19:21:57,209.1
1,2025:06:09 19:22:57,41.7
1,2025:06:09 19:23:57,369.1
1,2025:06:09 19:24:57,143.9
1,2025:06:09 19:25:57,651.8
1,2025:06:09 19:26:57,123.4
1,2025:06:09 19:27:57,46.8
1,2025:06:09 19:28:57,87.8
1,2025:06:09 19:29:57,452.9
1,2025:06:09 19:30:57,128.6
1,2025:06:09 19:31:57,482.2
1,2025:06:09 19:32:57,599.1
1,2025:06:09 19:33:57,755.5
1,2025:06:09 19:34:57,644.4
1,2025:06:09 19:35:57,265.9
1,2025:06:09 19:36:57,450.4
1,2025:06:09 19:37:57,409.1
1,2025:06:09 19:38:57,19.3
1,2025:06:09 19:39:57,60.4
1,2025:06:09 19:40:57,529.2
1,2025:06:09 19:41:57,524.7
1,2025:06:09 19:42:57,799
1,2025:06:09 19:43:57,593.5
1,2025:06:09 19:44:57,359
1,2025:06:09 19:45:57,212.3
1,2025:06:09 19:46:57,213.2
1,2025:06:09 19:47:57,496.5
1,2025:06:09 19:48:57,683.7
1,2025:06:09 19:49:57,526.3
1,2025:06:09 19:50:57,39.7
1,2025:06:09 19:51:57,12.9
1,2025:06:09 19:52:57,441.8
1,2025:06:09 19:53:57,443.7
1,2025:06:09 19:54:57,369.7
1,2025:06:09 19:55:57,202.5
1,2025:06:09 19:56:57,54.4
1,2025:06:09 19:57:57,300.4
1,2025:06:09 19:58:57,599.5
1,2025:06:09 19:59:57,465.8
1,2025:06:09 20:00:57,152.1
1,2025:06:09 20:01:57,509.4
1,2025:06:09 20:02:57,174.2
1,2025:06:09 20:03:57,13.1
1,2025:06:09 20:04:57,466.2
1,2025:06:09 20:05:57,588.2
1,2025:06:09 20:06:57,7.6
1,2025:06:09 20:07:57,505.1
1,2025:06:09 20:08:57,8.8
1,2025:06:09 20:09:57,717.9
1,2025:06:09 20:10:57,303.6
1,2025:06:09 20:11:57,288
1,2025:06:09 20:12:57,67.2
1,2025:06:09 20:13:57,460.4
1,2025:06:09 20:14:57,504.9
1,2025:06:09 20:15:57,648.7
1,2025:06:09 20:16:57,737.2
1,2025:06:09 20:17:57,59
1,2025:06:09 20:18:57,292
1,2025:06:09 20:19:57,115.9
1,2025:06:09 20:20:57,520.1
1,2025:06:09 20:21:57,545.4
1,2025:06:09 20:22:57,160
1,2025:06:09 20:23:57,431.6
1,2025:06:09 20:24:57,109.6
1,2025:06:09 20:25:57,81.4
1,2025:06:09 20:26:57,496.1
1,2025:06:09 20:27:57,217
1,2025:06:09 20:28:57,692
1,2025:06:09 20:29:57,356.9
1,2025:06:09 20:30:57,84.3
1,2025:06:09 20:31:57,760
1,2025:06:09 20:32:57,285.8
1,2025:06:09 20:33:57,471.3
1,2025:06:09 20:34:57,161.1
1,2025:06:09 20:35:57,746.6
1,2025:06:09 20:36:57,45.6
1,2025:06:09 20:37:57,122.7
1,2025:06:09 20:38:57,548.1
1,2025:06:09 20:39:57,363.9
1,2025:06:09 20:40:57,54.1
1,2025:06:09 20:41:57,729.9
1,2025:06:09 20:42:57,386.1
1,2025:06:09 20:43:57,397.6
1,2025:06:09 20:44:57,529.6
1,2025:06:09 20:45:57,712.2
1,2025:06:09 20:46:57,395.9
1,2025:06:09 20:47:57,750.3
1,2025:06:09 20:48:57,771.3
1,2025:06:09 20:49:57,751.9
1,2025:06:09 20:50:57,790
1,2025:06:09 20:51:57,4.5
1,2025:06:09 20:52:57,569.4
1,2025:06:09 20:53:57,64.9
1,2025:06:09 20:54:57,562.1
1,2025:06:09 20:55:57,456.5
1,2025:06:09 20:56:57,403.8
1,2025:06:09 20:57:57,303.7
1,2025:06:09 20:58:57,276.7
1,2025:06:09 20:59:57,245.6
1,2025:06:09 21:00:57,357.6
1,2025:06:09 21:01:57,518.6
1,2025:06:09 21:02:57,486.7
1,2025:06:09 21:03:57,203.1
1,2025:06:09 21:04:57,468.3
1,2025:06:09 21:05:57,601.5
1,2025:06:09 21:06:57,301.3
1,2025:06:09 21:07:57,646.9
1,2025:06:09 21:08:57,44.7
1,2025:06:09 21:09:57,637.3
1,2025:06:09 21:10:57,231.1
1,2025:06:09 21:11:57,546.9
1,2025:06:09 21:12:57,271.8
1,2025:06:09 21:13:57,789
1,2025:06:09 21:14:57,235
1,2025:06:09 21:15:57,684.7
1,2025:06:09 21:16:57,429.8
1,2025:06:09 21:17:57,339.3
1,2025:06:09 21:18:57,293.1
1,2025:06:09 21:19:57,34.5
1,2025:06:09 21:20:57,53
1,2025:06:09 21:21:57,516.2
1,2025:06:09 21:22:57,31.5
1,2025:06:09 21:23:57,589
1,2025:06:09 21:24:57,551.3
1,2025:06:09 21:25:57,125.5
1,2025:06:09 21:26:57,723.4
1,2025:06:09 21:27:57,255.1
1,2025:06:09 21:28:57,222.4
1,2025:06:09 21:29:57,617
1,2025:06:09 21:30:57,592.1
1,2025:06:09 21:31:57,246.3
1,2025:06:09 21:32:57,177.1
1,2025:06:09 21:33:57,7.4
1,2025:06:09 21:34:57,340.4
1,2025:06:09 21:35:57,193.7
1,2025:06:09 21:36:57,703.4
1,2025:06:09 21:37:57,287.5
1,2025:06:09 21:38:57,231.5
1,2025:06:09 21:39:57,203.4
1,2025:06:09 21:40:57,795.6
1,2025:06:09 21:41:57,535.4
1,2025:06:09 21:42:57,46.4
1,2025:06:09 21:43:57,684.2
1,2025:06:09 21:44:57,372.1
1,2025:06:09 21:45:57,364.2
1,2025:06:09 21:46:57,43.4
1,2025:06:09 21:47:57,769.8
1,2025:06:09 21:48:57,306.4
1,2025:06:09 21:49:57,326.6
1,2025:06:09 21:50:57,643
1,2025:06:09 21:51:57,562.5
1,2025:06:09 21:52:57,598.8
1,2025:06:09 21:53:57,702.1
1,2025:06:09 21:54:57,566
1,2025:06:09 21:55:57,21.1
1,2025:06:09 21:56:57,610.6
1,2025:06:09 21:57:57,493.2
1,2025:06:09 21:58:57,746.6
1,2025:06:09 21:59:57,519.8
1,2025:06:09 22:00:57,88.3
1,2025:06:09 22:01:57,452.7
1,2025:06:09 22:02:57,148
1,2025:06:09 22:03:57,302.2
1,2025:06:09 22:04:57,101.5
1,2025:06:09 22:05:57,770.5
1,2025:06:09 22:06:57,404.3
1,2025:06:09 22:07:57,255.5
1,2025:06:09 22:08:57,220.3
1,2025:06:09 22:09:57,442.1
1,2025:06:09 22:10:57,613.8
1,2025:06:09 22:11:57,30.4
1,2025:06:09 22:12:57,655.7
1,2025:06:09 22:13:57,145.3
1,2025:06:09 22:14:57,9.3
1,2025:06:09 22:15:57,130.5
1,2025:06:09 22:16:57,90.4
1,2025:06:09 22:17:57,449.5
1,2025:06:09 22:18:57,229.4
1,2025:06:09 22:19:57,398.4
1,2025:06:09 22:20:57,322.8
1,2025:06:09 22:21:57,383.5
1,2025:06:09 22:22:57,116.8
1,2025:06:09 22:23:57,120.3
1,2025:06:09 22:24:57,450.4
1,2025:06:09 22:25:57,184.9
1,2025:06:09 22:26:57,367.9
1,2025:06:09 22:27:57,577.6
1,2025:06:09 22:28:57,516.9
1,2025:06:09 22:29:57,458.6
1,2025:06:09 22:30:57,559.2
1,2025:06:09 22:31:57,67.9
1,2025:06:09 22:32:57,549.2
1,2025:06:09 22:33:57,767.3
1,2025:06:09 22:34:57,275
1,2025:06:09 22:35:57,621.2
1,2025:06:09 22:36:57,506.9
1,2025:06:09 22:37:57,279.9
1,2025:06:09 22:38:57,462.1
1,2025:06:09 22:39:57,437.1
1,2025:06:09 22:40:57,673.2
1,2025:06:09 22:41:57,303
1,2025:06:09 22:42:57,735.1
1,2025:06:09 22:43:57,67
1,2025:06:09 22:44:57,7
1,2025:06:09 22:45:57,120.2
1,2025:06:09 22:46:57,759.8
1,2025:06:09 22:47:57,365.9
1,2025:06:09 22:48:57,787
1,2025:06:09 22:49:57,363.8
1,2025:06:09 22:50:57,636.3
1,2025:06:09 22:51:57,241
1,2025:06:09 22:52:57,267.4
1,2025:06:09 22:53:57,544.6
1,2025:06:09 22:54:57,410.8
1,2025:06:09 22:55:57,219.1
1,2025:06:09 22:56:57,74.3
1,2025:06:09 22:57:57,164.6
1,2025:06:09 22:58:57,36.5
1,2025:06:09 22:59:57,660.3
1,2025:06:09 23:00:57,465.1
1,2025:06:09 23:01:57,437.7
1,2025:06:09 23:02:57,713.7
1,2025:06:09 23:03:57,641.7
1,2025:06:09 23:04:57,577.9
1,2025:06:09 23:05:57,42.2
1,2025:06:09 23:06:57,128.9
1,2025:06:09 23:07:57,736.3
1,2025:06:09 23:08:57,594.3
1,2025:06:09 23:09:57,332.6
1,2025:06:09 23:10:57,122.6
1,2025:06:09 23:11:57,512.2
1,2025:06:09 23:12:57,541
1,2025:06:09 23:13:57,632.9
1,2025:06:09 23:14:57,107.3
1,2025:06:09 23:15:57,377.5
1,2025:06:09 23:16:57,456.9
1,2025:06:09 23:17:57,638.6
1,2025:06:09 23:18:57,362.7
1,2025:06:09 23:19:57,195.1
1,2025:06:09 23:20:57,647.4
1,2025:06:09 23:21:57,151
1,2025:06:09 23:22:57,532.3
1,2025:06:09 23:23:57,293.1
1,2025:06:09 23:24:57,353.9
1,2025:06:09 23:25:57,369.4
1,2025:06:09 23:26:57,646.2
1,2025:06:09 23:27:57,495
1,2025:06:09 23:28:57,762.2
1,2025:06:09 23:29:57,166.6
1,2025:06:09 23:30:57,396.4
1,2025:06:09 23:31:57,396
1,2025:06:09 23:32:57,274.8
1,2025:06:09 23:33:57,371.2
1,2025:06:09 23:34:57,787.6
1,2025:06:09 23:35:57,508.8
1,2025:06:09 23:36:57,772.5
1,2025:06:09 23:37:57,683.9
1,2025:06:09 23:38:57,690.2
1,2025:06:09 23:39:57,305.5
1,2025:06:09 23:40:57,789.4
1,2025:06:09 23:41:57,650.8
1,2025:06:09 23:42:57,419.6
1,2025:06:09 23:43:57,779.3
1,2025:06:09 23:44:57,728.1
1,2025:06:09 23:45:57,519.5
1,2025:06:09 23:46:57,67.2
1,2025:06:09 23:47:57,351.2
1,2025:06:09 23:48:57,37.6
1,2025:06:09 23:49:57,603.8
1,2025:06:09 23:50:57,708.3
1,2025:06:09 23:51:57,548.1
1,2025:06:09 23:52:57,281.8
1,2025:06:09 23:53:57,580.1
1,2025:06:09 23:54:57,210.4
1,2025:06:09 23:55:57,675.3
1,2025:06:09 23:56:57,420.5
1,2025:06:09 23:57:57,542.6
1,2025:06:09 23:58:57,569.5
1,2025:06:09 23:59:57,309.2
1,2025:06:10 00:00:57,630.6
1,2025:06:10 00:01:57,440.9
1,2025:06:10 00:02:57,97
1,2025:06:10 00:03:57,36.3
1,2025:06:10 00:04:57,190.8
1,2025:06:10 00:05:57,525
1,2025:06:10 00:06:57,183.6
1,2025:06:10 00:07:57,61.4
1,2025:06:10 00:08:57,155.6
1,2025:06:10 00:09:57,223.8
1,2025:06:10 00:10:57,764.6
1,2025:06:10 00:11:57,712
1,2025:06:10 00:12:57,343.4
1,2025:06:10 00:13:57,481.4
1,2025:06:10 00:14:57,611.9
1,2025:06:10 00:15:57,462.1
1,2025:06:10 00:16:57,563.3
1,2025:06:10 00:17:57,575.4
1,2025:06:10 00:18:57,576.9
1,2025:06:10 00:19:57,302.3
1,2025:06:10 00:20:57,406.3
1,2025:06:10 00:21:57,43.9
1,2025:06:10 00:22:57,311.5
1,2025:06:10 00:23:57,479.8
1,2025:06:10 00:24:57,325.7
1,2025:06:10 00:25:57,745
1,2025:06:10 00:26:57,188.8
1,2025:06:10 00:27:57,32.9
1,2025:06:10 00:28:57,730.9
1,2025:06:10 00:29:57,473.8
1,2025:06:10 00:30:57,551.8
1,2025:06:10 00:31:57,347.8
1,2025:06:10 00:32:57,221.2
1,2025:06:10 00:33:57,362.9
1,2025:06:10 00:34:57,412.5
1,2025:06:10 00:35:57,758.1
1,2025:06:10 00:36:57,82.8
1,2025:06:10 00:37:57,689.9
1,2025:06:10 00:38:57,529.1
1,2025:06:10 00:39:57,217
1,2025:06:10 00:40:57,175.3
1,2025:06:10 00:41:57,118.5
1,2025:06:10 00:42:57,182.9
1,2025:06:10 00:43:57,263.5
1,2025:06:10 00:44:57,532.3
1,2025:06:10 00:45:57,196.7
1,2025:06:10 00:46:57,583.2
1,2025:06:10 00:47:57,109.1
1,2025:06:10 00:48:57,200.9
1,2025:06:10 00:49:57,538.4
1,2025:06:10 00:50:57,223.2
1,2025:06:10 00:51:57,670.1
1,2025:06:10 00:52:57,445.3
1,2025:06:10 00:53:57,112.5
1,2025:06:10 00:54:57,712.4
1,2025:06:10 00:55:57,369.9
1,2025:06:10 00:56:57,639.3
1,2025:06:10 00:57:57,464.6
1,2025:06:10 00:58:57,410.8
1,2025:06:10 00:59:57,336.7
1,2025:06:10 01:00:57,373.5
1,2025:06:10 01:01:57,697.4
1,2025:06:10 01:02:57,789.4
1,2025:06:10 01:03:57,221.8
1,2025:06:10 01:04:57,100.5
1,2025:06:10 01:05:57,32.6
1,2025:06:10 01:06:57,442.5
1,2025:06:10 01:07:57,663
1,2025:06:10 01:08:57,245.4
1,2025:06:10 01:09:57,181.7
1,2025:06:10 01:10:57,76.7
1,2025:06:10 01:11:57,17.9
1,2025:06:10 01:12:57,704.2
1,2025:06:10 01:13:57,149.2
1,2025:06:10 01:14:57,600.6
1,2025:06:10 01:15:57,593.3
1,2025:06:10 01:16:57,657
1,2025:06:10 01:17:57,493.6
1,2025:06:10 01:18:57,42.4
1,2025:06:10 01:19:57,794.2
1,2025:06:10 01:20:57,619.9
1,2025:06:10 01:21:57,71.1
1,2025:06:10 01:22:57,218
1,2025:06:10 01:23:57,418.9
1,2025:06:10 01:24:57,261.6
1,2025:06:10 01:25:57,687.7
1,2025:06:10 01:26:57,76
1,2025:06:10 01:27:57,323.4
1,2025:06:10 01:28:57,308
1,2025:06:10 01:29:57,283
1,2025:06:10 01:30:57,244.4
1,2025:06:10 01:31:57,481.9
1,2025:06:10 01:32:57,461.7
1,2025:06:10 01:33:57,473.1
1,2025:06:10 01:34:57,503.7
1,2025:06:10 01:35:57,67.6
1,2025:06:10 01:36:57,60.3
1,2025:06:10 01:37:57,275.3
1,2025:06:10 01:38:57,311.4
1,2025:06:10 01:39:57,377.9
1,2025:06:10 01:40:57,598.6
1,2025:06:10 01:41:57,241.2
1,2025:06:10 01:42:57,103.8
1,2025:06:10 01:43:57,631.5
1,2025:06:10 01:44:57,40.3
1,2025:06:10 01:45:57,22.5
1,2025:06:10 01:46:57,698.4
1,2025:06:10 01:47:57,259.2
1,2025:06:10 01:48:57,443.4
1,2025:06:10 01:49:57,794.2
1,2025:06:10 01:50:57,123.3
1,2025:06:10 01:51:57,115.9
1,2025:06:10 01:52:57,424.5
1,2025:06:10 01:53:57,361.4
1,2025:06:10 01:54:57,398.3
1,2025:06:10 01:55:57,237.9
1,2025:06:10 01:56:57,387.7
1,2025:06:10 01:57:57,373
1,2025:06:10 01:58:57,392.4
1,2025:06:10 01:59:57,170.2
1,2025:06:10 02:00:57,42.2
1,2025:06:10 02:01:57,669.1
1,2025:06:10 02:02:57,82.9
1,2025:06:10 02:03:57,289.3
1,2025:06:10 02:04:57,134.1
1,2025:06:10 02:05:57,185.4
1,2025:06:10 02:06:57,340.8
1,2025:06:10 02:07:57,546.1
1,2025:06:10 02:08:57,716.9
1,2025:06:10 02:09:57,241.1
1,2025:06:10 02:10:57,368.6
1,2025:06:10 02:11:57,654.6
1,2025:06:10 02:12:57,686.9
1,2025:06:10 02:13:57,34.3
1,2025:06:10 02:14:57,113.2
1,2025:06:10 02:15:57,550.2
1,2025:06:10 02:16:57,506.4
1,2025:06:10 02:17:57,169.8
1,2025:06:10 02:18:57,182.1
1,2025:06:10 02:19:57,344.3
1,2025:06:10 02:20:57,42.6
1,2025:06:10 02:21:57,45.6
1,2025:06:10 02:22:57,184.6
1,2025:06:10 02:23:57,197.8
1,2025:06:10 02:24:57,643.7
1,2025:06:10 02:25:57,121.7
1,2025:06:10 02:26:57,26
1,2025:06:10 02:27:57,141.3
1,2025:06:10 02:28:57,180.6
1,2025:06:10 02:29:57,496.6
1,2025:06:10 02:30:57,276.6
1,2025:06:10 02:31:57,265.2
1,2025:06:10 02:32:57,577.2
1,2025:06:10 02:33:57,416.7
1,2025:06:10 02:34:57,544.4
1,2025:06:10 02:35:57,504.1
1,2025:06:10 02:36:57,554.1
1,2025:06:10 02:37:57,543.9
1,2025:06:10 02:38:57,772.3
1,2025:06:10 02:39:57,443.5
1,2025:06:10 02:40:57,312.2
1,2025:06:10 02:41:57,605.4
1,2025:06:10 02:42:57,388.4
1,2025:06:10 02:43:57,769.7
1,2025:06:10 02:44:57,480.1
1,2025:06:10 02:45:57,651.8
1,2025:06:10 02:46:57,232.2
1,2025:06:10 02:47:57,391.4
1,2025:06:10 02:48:57,450.5
1,2025:06:10 02:49:57,147.5
1,2025:06:10 02:50:57,582.2
1,2025:06:10 02:51:57,456.6
1,2025:06:10 02:52:57,30.5
1,2025:06:10 02:53:57,719.9
1,2025:06:10 02:54:57,210.2
1,2025:06:10 02:55:57,488.5
1,2025:06:10 02:56:57,731.6
1,2025:06:10 02:57:57,389.9
1,2025:06:10 02:58:57,187.9
1,2025:06:10 02:59:57,268.5
1,2025:06:10 03:00:57,222.8
1,2025:06:10 03:01:57,311.9
1,2025:06:10 03:02:57,568.6
1,2025:06:10 03:03:57,688.2
1,2025:06:10 03:04:57,273.4
1,2025:06:10 03:05:57,644.9
1,2025:06:10 03:06:57,72
1,2025:06:10 03:07:57,397.1
1,2025:06:10 03:08:57,110.2
1,2025:06:10 03:09:57,183.2
1,2025:06:10 03:10:57,494.2
1,2025:06:10 03:11:57,671
1,2025:06:10 03:12:57,312.6
1,2025:06:10 03:13:57,368.2
1,2025:06:10 03:14:57,370.4
1,2025:06:10 03:15:57,125
1,2025:06:10 03:16:57,372.9
1,2025:06:10 03:17:57,309.4
1,2025:06:10 03:18:57,413.5
1,2025:06:10 03:19:57,497.5
1,2025:06:10 03:20:57,645.2
1,2025:06:10 03:21:57,237.1
1,2025:06:10 03:22:57,454.4
1,2025:06:10 03:23:57,329.1
1,2025:06:10 03:24:57,608.1
1,2025:06:10 03:25:57,14
1,2025:06:10 03:26:57,8.8
1,2025:06:10 03:27:57,161.7
1,2025:06:10 03:28:57,167.4
1,2025:06:10 03:29:57,528.7
1,2025:06:10 03:30:57,596
1,2025:06:10 03:31:57,83.7
1,2025:06:10 03:32:57,721.2
1,2025:06:10 03:33:57,197.1
1,2025:06:10 03:34:57,333.5
1,2025:06:10 03:35:57,444.2
1,2025:06:10 03:36:57,716.2
1,2025:06:10 03:37:57,797.6
1,2025:06:10 03:38:57,533.9
1,2025:06:10 03:39:57,163.6
1,2025:06:10 03:40:57,15.9
1,2025:06:10 03:41:57,462.8
1,2025:06:10 03:42:57,427.9
1,2025:06:10 03:43:57,264.6
1,2025:06:10 03:44:57,609.8
1,2025:06:10 03:45:57,54.8
1,2025:06:10 03:46:57,538.9
1,2025:06:10 03:47:57,647.3
1,2025:06:10 03:48:57,385
1,2025:06:10 03:49:57,748
1,2025:06:10 03:50:57,434.5
1,2025:06:10 03:51:57,135.8
1,2025:06:10 03:52:57,288.4
1,2025:06:10 03:53:57,645.1
1,2025:06:10 03:54:57,179.4
1,2025:06:10 03:55:57,619.8
1,2025:06:10 03:56:57,1.5
1,2025:06:10 03:57:57,250.2
1,2025:06:10 03:58:57,14.2
1,2025:06:10 03:59:57,516.1
1,2025:06:10 04:00:57,55.1
1,2025:06:10 04:01:57,625.6
1,2025:06:10 04:02:57,387.2
1,2025:06:10 04:03:57,776.1
1,2025:06:10 04:04:57,708.3
1,2025:06:10 04:05:57,55.6
1,2025:06:10 04:06:57,61.3
1,2025:06:10 04:07:57,662.9
1,2025:06:10 04:08:57,315.7
1,2025:06:10 04:09:57,243.7
1,2025:06:10 04:10:57,23.4
1,2025:06:10 04:11:57,124.2
1,2025:06:10 04:12:57,309.6
1,2025:06:10 04:13:57,667.4
1,2025:06:10 04:14:57,519.7
1,2025:06:10 04:15:57,385.6
1,2025:06:10 04:16:57,320.3
1,2025:06:10 04:17:57,115.3
1,2025:06:10 04:18:57,543.3
1,2025:06:10 04:19:57,388.3
1,2025:06:10 04:20:57,161.3
1,2025:06:10 04:21:57,33.5
1,2025:06:10 04:22:57,697.9
1,2025:06:10 04:23:57,698.8
1,2025:06:10 04:24:57,203.2
1,2025:06:10 04:25:57,702.9
1,2025:06:10 04:26:57,362.8
1,2025:06:10 04:27:57,511.7
1,2025:06:10 04:28:57,61.5
1,2025:06:10 04:29:57,75.5
1,2025:06:10 04:30:57,485.2
1,2025:06:10 04:31:57,175.2
1,2025:06:10 04:32:57,723.9
1,2025:06:10 04:33:57,693.5
1,2025:06:10 04:34:57,523.5
1,2025:06:10 04:35:57,460
1,2025:06:10 04:36:57,441.1
1,2025:06:10 04:37:57,115.8
1,2025:06:10 04:38:57,67.1
1,2025:06:10 04:39:57,599.4
1,2025:06:10 04:40:57,707.5
1,2025:06:10 04:41:57,677.3
1,2025:06:10 04:42:57,58.5
1,2025:06:10 04:43:57,724.5
1,2025:06:10 04:44:57,654.9
1,2025:06:10 04:45:57,406.4
1,2025:06:10 04:46:57,540.8
1,2025:06:10 04:47:57,320
1,2025:06:10 04:48:57,185.8
1,2025:06:10 04:49:57,125
1,2025:06:10 04:50:57,258.1
1,2025:06:10 04:51:57,724.9
1,2025:06:10 04:52:57,571.4
1,2025:06:10 04:53:57,556.7
1,2025:06:10 04:54:57,631.1
1,2025:06:10 04:55:57,103.7
1,2025:06:10 04:56:57,437.1
1,2025:06:10 04:57:57,466.9
1,2025:06:10 04:58:57,235.4
1,2025:06:10 04:59:57,112.8
1,2025:06:10 05:00:57,664.1
1,2025:06:10 05:01:57,61.9
1,2025:06:10 05:02:57,705.6
1,2025:06:10 05:03:57,687.7
1,2025:06:10 05:04:57,127.7
1,2025:06:10 05:05:57,670.1
1,2025:06:10 05:06:57,591.7
1,2025:06:10 05:07:57,574.7
1,2025:06:10 05:08:57,602
1,2025:06:10 05:09:57,130.9
1,2025:06:10 05:10:57,490.9
1,2025:06:10 05:11:57,33.4
1,2025:06:10 05:12:57,351.9
1,2025:06:10 05:13:57,517.1
1,2025:06:10 05:14:57,782.4
1,2025:06:10 05:15:57,134.8
1,2025:06:10 05:16:57,340.1
1,2025:06:10 05:17:57,414.4
1,2025:06:10 05:18:57,87.6
1,2025:06:10 05:19:57,679
1,2025:06:10 05:20:57,172.9
1,2025:06:10 05:21:57,384.1
1,2025:06:10 05:22:57,582.7
1,2025:06:10 05:23:57,758.8
1,2025:06:10 05:24:57,509.9
1,2025:06:10 05:25:57,233.3
1,2025:06:10 05:26:57,286.7
1,2025:06:10 05:27:57,793
1,2025:06:10 05:28:57,263.3
1,2025:06:10 05:29:57,718.6
1,2025:06:10 05:30:57,52.7
1,2025:06:10 05:31:57,456.2
1,2025:06:10 05:32:57,510.3
1,2025:06:10 05:33:57,306.5
1,2025:06:10 05:34:57,584.2
1,2025:06:10 05:35:57,127.2
1,2025:06:10 05:36:57,245.9
1,2025:06:10 05:37:57,417.9
1,2025:06:10 05:38:57,403.7
1,2025:06:10 05:39:57,284.4
1,2025:06:10 05:40:57,698.2
1,2025:06:10 05:41:57,179.2
1,2025:06:10 05:42:57,497.7
1,2025:06:10 05:43:57,69.9
1,2025:06:10 05:44:57,134.2
1,2025:06:10 05:45:57,507.2
1,2025:06:10 05:46:57,163.3
1,2025:06:10 05:47:57,650.8
1,2025:06:10 05:48:57,678.9
1,2025:06:10 05:49:57,151.1
1,2025:06:10 05:50:57,181.4
1,2025:06:10 05:51:57,198.7
1,2025:06:10 05:52:57,273.1
1,2025:06:10 05:53:57,317.7
1,2025:06:10 05:54:57,241.4
1,2025:06:10 05:55:57,516.6
1,2025:06:10 05:56:57,96.7
1,2025:06:10 05:57:57,504.2
1,2025:06:10 05:58:57,342.2
1,2025:06:10 05:59:57,134.2
1,2025:06:10 06:00:57,579.4
1,2025:06:10 06:01:57,564.4
1,2025:06:10 06:02:57,295.5
1,2025:06:10 06:03:57,299.8
1,2025:06:10 06:04:57,326.2
1,2025:06:10 06:05:57,431.4
1,2025:06:10 06:06:57,654.7
1,2025:06:10 06:07:57,292.4
1,2025:06:10 06:08:57,682.4
1,2025:06:10 06:09:57,524.8
1,2025:06:10 06:10:57,796.5
1,2025:06:10 06:11:57,478.3
1,2025:06:10 06:12:57,661.9
1,2025:06:10 06:13:57,664.2
1,2025:06:10 06:14:57,677.6
1,2025:06:10 06:15:57,738.7
1,2025:06:10 06:16:57,164.8
1,2025:06:10 06:17:57,516.6
1,2025:06:10 06:18:57,394.4
1,2025:06:10 06:19:57,692.8
1,2025:06:10 06:20:57,209.5
1,2025:06:10 06:21:57,201
1,2025:06:10 06:22:57,68.4
1,2025:06:10 06:23:57,540.3
1,2025:06:10 06:24:57,503.2
1,2025:06:10 06:25:57,76
1,2025:06:10 06:26:57,583.7
1,2025:06:10 06:27:57,150.2
1,2025:06:10 06:28:57,676.6
1,2025:06:10 06:29:57,735.3
1,2025:06:10 06:30:57,500.2
1,2025:06:10 06:31:57,19.4
1,2025:06:10 06:32:57,708.3
1,2025:06:10 06:33:57,635.8
1,2025:06:10 06:34:57,69.3
1,2025:06:10 06:35:57,126.7
1,2025:06:10 06:36:57,462.6
1,2025:06:10 06:37:57,383.7
1,2025:06:10 06:38:57,476
1,2025:06:10 06:39:57,306.9
1,2025:06:10 06:40:57,266.3
1,2025:06:10 06:41:57,703.4
1,2025:06:10 06:42:57,431.9
1,2025:06:10 06:43:57,570.8
1,2025:06:10 06:44:57,50.3
1,2025:06:10 06:45:57,714
1,2025:06:10 06:46:57,645.6
1,2025:06:10 06:47:57,194.8
1,2025:06:10 06:48:57,579.1
1,2025:06:10 06:49:57,339.1
1,2025:06:10 06:50:57,693.7
1,2025:06:10 06:51:57,406.5
1,2025:06:10 06:52:57,295.7
1,2025:06:10 06:53:57,673.6
1,2025:06:10 06:54:57,420
1,2025:06:10 06:55:57,689.8
1,2025:06:10 06:56:57,104.5
1,2025:06:10 06:57:57,534.2
1,2025:06:10 06:58:57,784.1
1,2025:06:10 06:59:57,736.4
1,2025:06:10 07:00:57,19.1
1,2025:06:10 07:01:57,617.2
1,2025:06:10 07:02:57,288.2
1,2025:06:10 07:03:57,466.3
1,2025:06:10 07:04:57,797.9
1,2025:06:10 07:05:57,689.1
1,2025:06:10 07:06:57,305
1,2025:06:10 07:07:57,544.8
1,2025:06:10 07:08:57,95.6
1,2025:06:10 07:09:57,435.3
1,2025:06:10 07:10:57,231.9
1,2025:06:10 07:11:57,619.3
1,2025:06:10 07:12:57,251.9
1,2025:06:10 07:13:57,591.3
1,2025:06:10 07:14:57,597
1,2025:06:10 07:15:57,101.1
1,2025:06:10 07:16:57,445.6
1,2025:06:10 07:17:57,582.1
1,2025:06:10 07:18:57,641.7
1,2025:06:10 07:19:57,318
1,2025:06:10 07:20:57,737.3
1,2025:06:10 07:21:57,493.7
1,2025:06:10 07:22:57,504.6
1,2025:06:10 07:23:57,62.3
1,2025:06:10 07:24:57,325.7
1,2025:06:10 07:25:57,403.6
1,2025:06:10 07:26:57,132.4
1,2025:06:10 07:27:57,158.5
1,2025:06:10 07:28:57,743.9
1,2025:06:10 07:29:57,92.6
1,2025:06:10 07:30:57,241.8
1,2025:06:10 07:31:57,276.8
1,2025:06:10 07:32:57,319
1,2025:06:10 07:33:57,165.9
1,2025:06:10 07:34:57,658.7
1,2025:06:10 07:35:57,417
1,2025:06:10 07:36:57,221.1
1,2025:06:10 07:37:57,406
1,2025:06:10 07:38:57,558.1
1,2025:06:10 07:39:57,687.2
1,2025:06:10 07:40:57,426.1
1,2025:06:10 07:41:57,383.5
1,2025:06:10 07:42:57,731.1
1,2025:06:10 07:43:57,603.2
1,2025:06:10 07:44:57,318
1,2025:06:10 07:45:57,551.4
1,2025:06:10 07:46:57,403.6
1,2025:06:10 07:47:57,333.4
1,2025:06:10 07:48:57,655.1
1,2025:06:10 07:49:57,46.7
1,2025:06:10 07:50:57,731
1,2025:06:10 07:51:57,313.2
1,2025:06:10 07:52:57,24.8
1,2025:06:10 07:53:57,624.4
1,2025:06:10 07:54:57,295.1
1,2025:06:10 07:55:57,55.7
1,2025:06:10 07:56:57,113.1
1,2025:06:10 07:57:57,150.4
1,2025:06:10 07:58:57,326.8
1,2025:06:10 07:59:57,582.4
1,2025:06:10 08:00:57,112.9
1,2025:06:10 08:01:57,276.3
1,2025:06:10 08:02:57,181.4
1,2025:06:10 08:03:57,98.3
1,2025:06:10 08:04:57,196.1
1,2025:06:10 08:05:57,522.3
1,2025:06:10 08:06:57,789.4
1,2025:06:10 08:07:57,139.1
1,2025:06:10 08:08:57,775.6
1,2025:06:10 08:09:57,192.7
1,2025:06:10 08:10:57,609.2
1,2025:06:10 08:11:57,611.9
1,2025:06:10 08:12:57,680.1
1,2025:06:10 08:13:57,350.2
1,2025:06:10 08:14:57,207.4
1,2025:06:10 08:15:57,157.4
1,2025:06:10 08:16:57,168.9
1,2025:06:10 08:17:57,71.3
1,2025:06:10 08:18:57,788.6
1,2025:06:10 08:19:57,257
1,2025:06:10 08:20:57,711
1,2025:06:10 08:21:57,11.1
1,2025:06:10 08:22:57,3.5
1,2025:06:10 08:23:57,710.2
1,2025:06:10 08:24:57,252.1
1,2025:06:10 08:25:57,300.1
1,2025:06:10 08:26:57,758.4
1,2025:06:10 08:27:57,107.3
1,2025:06:10 08:28:57,696.4
1,2025:06:10 08:29:57,198.8
1,2025:06:10 08:30:57,349.7
1,2025:06:10 08:31:57,122.6
1,2025:06:10 08:32:57,728
1,2025:06:10 08:33:57,135.6
1,2025:06:10 08:34:57,452.3
1,2025:06:10 08:35:57,52.6
1,2025:06:10 08:36:57,295.2
1,2025:06:10 08:37:57,752
1,2025:06:10 08:38:57,482.6
1,2025:06:10 08:39:57,424.8
1,2025:06:10 08:40:57,284.4
1,2025:06:10 08:41:57,380.8
1,2025:06:10 08:42:57,464.2
1,2025:06:10 08:43:57,501.8
1,2025:06:10 08:44:57,508.5
1,2025:06:10 08:45:57,782.6
1,2025:06:10 08:46:57,719.6
1,2025:06:10 08:47:57,505.3
1,2025:06:10 08:48:57,333.7
1,2025:06:10 08:49:57,163.7
1,2025:06:10 08:50:57,513.9
1,2025:06:10 08:51:57,586.2
1,2025:06:10 08:52:57,270.6
1,2025:06:10 08:53:57,103.8
1,2025:06:10 08:54:57,574.4
1,2025:06:10 08:55:57,164
1,2025:06:10 08:56:57,54.3
1,2025:06:10 08:57:57,614.7
1,2025:06:10 08:58:57,412.6
1,2025:06:10 08:59:57,62.6
1,2025:06:10 09:00:57,339
1,2025:06:10 09:01:57,358.2
1,2025:06:10 09:02:57,172.2
1,2025:06:10 09:03:57,665.4
1,2025:06:10 09:04:57,330.9
1,2025:06:10 09:05:57,245.5
1,2025:06:10 09:06:57,328.8
1,2025:06:10 09:07:57,116.5
1,2025:06:10 09:08:57,85.8
1,2025:06:10 09:09:57,245.9
1,2025:06:10 09:10:57,166
1,2025:06:10 09:11:57,191.7
1,2025:06:10 09:12:57,595.2
1,2025:06:10 09:13:57,426.7
1,2025:06:10 09:14:57,353.6
1,2025:06:10 09:15:57,665
1,2025:06:10 09:16:57,787.4
1,2025:06:10 09:17:57,52.6
1,2025:06:10 09:18:57,151.5
1,2025:06:10 09:19:57,195.7
1,2025:06:10 09:20:57,566.4
1,2025:06:10 09:21:57,166.2
1,2025:06:10 09:22:57,166.4
1,2025:06:10 09:23:57,560.2
1,2025:06:10 09:24:57,215.9
1,2025:06:10 09:25:57,277.9
1,2025:06:10 09:26:57,383.5
1,2025:06:10 09:27:57,254.5
1,2025:06:10 09:28:57,492
1,2025:06:10 09:29:57,187.2
1,2025:06:10 09:30:57,401
1,2025:06:10 09:31:57,692
1,2025:06:10 09:32:57,129.5
1,2025:06:10 09:33:57,763.2
1,2025:06:10 09:34:57,390.7
1,2025:06:10 09:35:57,621.8
1,2025:06:10 09:36:57,688.3
1,2025:06:10 09:37:57,306.4
1,2025:06:10 09:38:57,110.4
1,2025:06:10 09:39:57,391.7
1,2025:06:10 09:40:57,262.8
1,2025:06:10 09:41:57,319.8
1,2025:06:10 09:42:57,92.1
1,2025:06:10 09:43:57,481.9
1,2025:06:10 09:44:57,381
1,2025:06:10 09:45:57,511.9
1,2025:06:10 09:46:57,733
1,2025:06:10 09:47:57,734.5
1,2025:06:10 09:48:57,417.8
1,2025:06:10 09:49:57,57.4
1,2025:06:10 09:50:57,212
1,2025:06:10 09:51:57,702.2
1,2025:06:10 09:52:57,646.2
1,2025:06:10 09:53:57,141.7
1,2025:06:10 09:54:57,558.2
1,2025:06:10 09:55:57,343.2
1,2025:06:10 09:56:57,254.4
1,2025:06:10 09:57:57,11.9
1,2025:06:10 09:58:57,396
1,2025:06:10 09:59:57,686.4
1,2025:06:10 10:00:57,250.4
1,2025:06:10 10:01:57,761.6
1,2025:06:10 10:02:57,491.7
1,2025:06:10 10:03:57,491.1
1,2025:06:10 10:04:57,781.2
1,2025:06:10 10:05:57,273.3
1,2025:06:10 10:06:57,626.5
1,2025:06:10 10:07:57,528
1,2025:06:10 10:08:57,391.5
1,2025:06:10 10:09:57,743.4
1,2025:06:10 10:10:57,321.5
1,2025:06:10 10:11:57,305
1,2025:06:10 10:12:57,345.8
1,2025:06:10 10:13:57,214.6
1,2025:06:10 10:14:57,338.4
1,2025:06:10 10:15:57,463.1
1,2025:06:10 10:16:57,739.6
1,2025:06:10 10:17:57,742.7
1,2025:06:10 10:18:57,683.2
1,2025:06:10 10:19:57,468.3
1,2025:06:10 10:20:57,325.5
1,2025:06:10 10:21:57,619.1
1,2025:06:10 10:22:57,34.7
1,2025:06:10 10:23:57,23.4
1,2025:06:10 10:24:57,377.2
1,2025:06:10 10:25:57,77.7
1,2025:06:10 10:26:57,326
1,2025:06:10 10:27:57,224.7
1,2025:06:10 10:28:57,518.2
1,2025:06:10 10:29:57,709
1,2025:06:10 10:30:57,601.8
1,2025:06:10 10:31:57,89.8
1,2025:06:10 10:32:57,439.9
1,2025:06:10 10:33:57,6.7
1,2025:06:10 10:34:57,677.8
1,2025:06:10 10:35:57,480.4
1,2025:06:10 10:36:57,232.7
1,2025:06:10 10:37:57,473.3
1,2025:06:10 10:38:57,325.8
1,2025:06:10 10:39:57,645.1
1,2025:06:10 10:40:57,457.4
1,2025:06:10 10:41:57,306.6
1,2025:06:10 10:42:57,111.5
1,2025:06:10 10:43:57,208.1
1,2025:06:10 10:44:57,279.6
1,2025:06:10 10:45:57,296.1
1,2025:06:10 10:46:57,7.6
1,2025:06:10 10:47:57,627.4
1,2025:06:10 10:48:57,393.9
1,2025:06:10 10:49:57,350.7
